Customer_ID,Group,Email_Clicked,Purchase_Made,Age,Region,Income_Bracket
1,Test,0,0,56,West,Middle
2,Test,1,0,28,West,Low
3,Control,0,0,31,East,Low
4,Control,0,0,20,North,High
5,Test,1,0,45,North,Low
6,Test,1,1,54,South,Low
7,Control,0,0,22,South,Low
8,Control,1,0,55,South,Middle
9,Control,0,0,66,South,High
10,Control,0,0,32,North,Middle
11,Test,0,0,63,East,Low
12,Test,0,0,25,South,Middle
13,Test,1,0,69,South,High
14,Test,0,0,61,West,Middle
15,Control,0,1,20,North,Middle
16,Control,0,0,47,North,High
17,Control,0,0,61,East,Low
18,Test,0,0,65,North,Low
19,Test,0,0,19,East,Low
20,Test,1,0,30,East,High
21,Control,0,0,47,East,High
22,Control,0,0,48,South,Middle
23,Control,1,0,42,North,High
24,Control,1,0,25,East,Middle
25,Control,1,0,58,East,Low
26,Test,0,1,49,West,Middle
27,Control,0,0,45,North,High
28,Test,1,0,49,East,Low
29,Control,1,0,50,East,Low
30,Test,0,0,50,South,High
31,Test,1,0,56,West,High
32,Control,0,0,63,North,Low
33,Control,0,0,59,North,Middle
34,Control,0,0,28,West,Low
35,Control,0,0,26,East,Middle
36,Control,1,0,49,East,Low
37,Control,0,1,25,North,Middle
38,Test,1,0,64,South,Low
39,Control,1,0,37,South,Middle
40,Control,0,0,39,South,High
41,Test,0,0,58,West,High
42,Control,0,0,35,East,Low
43,Control,0,0,30,West,Low
44,Test,0,0,36,South,Low
45,Test,1,0,25,East,Middle
46,Control,1,0,49,South,Low
47,Control,0,0,35,West,Middle
48,Test,1,0,58,North,Middle
49,Test,0,0,68,West,High
50,Test,1,0,32,North,Low
51,Test,0,0,47,South,High
52,Test,1,0,41,North,Low
53,Test,0,0,61,East,High
54,Test,1,0,67,West,High
55,Control,1,0,53,West,High
56,Control,0,0,53,East,Low
57,Test,1,1,23,North,High
58,Control,0,1,29,East,Middle
59,Control,0,0,38,East,High
60,Test,1,0,25,North,High
61,Test,0,0,59,East,High
62,Test,0,1,54,East,Middle
63,Test,1,0,64,South,Low
64,Test,1,0,37,West,High
65,Control,0,0,42,East,Middle
66,Control,1,0,54,East,Middle
67,Control,0,0,29,West,High
68,Test,0,1,64,West,Middle
69,Test,0,1,31,South,High
70,Test,0,0,29,South,High
71,Control,1,0,37,East,High
72,Test,1,1,37,North,Low
73,Test,0,0,64,South,Low
74,Control,0,0,66,North,Low
75,Control,1,0,64,West,High
76,Control,1,0,37,West,Middle
77,Control,0,0,54,West,Middle
78,Test,1,0,52,South,Low
79,Control,0,1,22,North,Middle
80,Control,0,0,29,South,High
81,Test,0,1,41,North,High
82,Control,0,0,42,North,Middle
83,Control,0,0,48,West,High
84,Test,0,0,40,West,High
85,Test,1,0,62,West,Low
86,Test,0,1,25,West,Middle
87,Control,1,0,25,East,High
88,Test,0,0,64,South,Middle
89,Test,0,0,43,North,High
90,Test,0,0,35,South,Middle
91,Test,1,1,57,East,High
92,Control,1,0,42,South,Low
93,Control,0,0,36,West,High
94,Control,1,0,65,South,Low
95,Test,1,0,45,West,Middle
96,Test,0,0,26,West,Low
97,Control,1,1,30,West,Middle
98,Control,1,0,58,West,Middle
99,Control,0,0,55,East,Middle
100,Test,0,0,23,West,High
101,Control,1,0,40,West,Low
102,Test,0,0,41,West,Middle
103,Control,0,0,38,West,Middle
104,Test,0,0,24,South,Middle
105,Control,0,0,46,North,Middle
106,Control,0,0,66,North,High
107,Test,0,0,28,South,Middle
108,Control,0,0,27,North,Middle
109,Test,1,0,38,East,Low
110,Test,1,0,23,East,Middle
111,Test,1,0,42,East,Middle
112,Test,0,0,54,North,Middle
113,Control,0,0,60,North,Middle
114,Control,1,0,67,North,High
115,Control,1,0,38,North,Low
116,Control,0,0,64,North,High
117,Control,0,1,53,South,Low
118,Test,1,0,38,North,High
119,Control,0,0,31,West,High
120,Test,0,0,69,East,Low
121,Control,0,1,45,South,Middle
122,Control,0,0,53,North,Middle
123,Test,1,0,30,West,High
124,Control,0,0,28,North,High
125,Control,0,0,56,North,High
126,Test,1,0,66,North,High
127,Control,0,0,53,East,High
128,Test,0,0,18,East,Low
129,Test,0,0,64,North,Middle
130,Test,1,0,38,North,Middle
131,Test,1,0,26,West,High
132,Control,0,0,59,West,Low
133,Test,1,0,43,West,Middle
134,Test,0,0,41,East,Middle
135,Control,1,0,27,North,Middle
136,Test,1,0,27,South,Middle
137,Test,0,0,64,East,Low
138,Test,0,1,50,East,Low
139,Test,0,0,65,South,Middle
140,Test,0,0,24,East,Middle
141,Test,1,0,31,North,High
142,Control,0,0,42,North,Low
143,Test,1,0,38,West,High
144,Control,0,0,56,West,High
145,Test,1,0,41,West,Low
146,Control,0,0,43,East,Low
147,Test,0,1,62,South,Middle
148,Test,0,0,50,West,High
149,Test,1,0,50,West,High
150,Test,0,0,21,East,High
151,Test,0,0,22,East,Middle
152,Test,0,0,25,South,Low
153,Control,1,0,61,East,Low
154,Control,0,0,23,South,Low
155,Test,0,0,55,East,High
156,Test,1,0,47,North,Low
157,Test,0,0,53,South,Middle
158,Control,1,0,64,East,Low
159,Control,0,0,47,East,Low
160,Control,0,0,34,East,High
161,Control,0,1,20,West,Low
162,Control,1,0,45,East,Middle
163,Test,1,0,37,West,Middle
164,Control,1,0,47,North,Middle
165,Test,1,0,35,North,Low
166,Test,1,1,33,West,Low
167,Control,0,0,31,South,Low
168,Test,0,0,62,North,Low
169,Control,0,0,44,West,High
170,Control,0,0,20,West,Middle
171,Test,0,0,21,East,High
172,Test,1,0,39,East,High
173,Control,0,1,54,North,Low
174,Control,0,0,66,East,High
175,Control,0,0,52,South,Low
176,Control,0,0,31,North,Low
177,Control,1,0,69,West,Middle
178,Test,1,0,52,East,Low
179,Control,0,0,35,East,High
180,Test,1,0,27,West,Low
181,Control,1,0,50,East,High
182,Control,1,0,63,West,Low
183,Control,1,0,69,South,Middle
184,Control,0,0,42,North,Low
185,Control,0,0,38,East,High
186,Test,0,0,21,West,Low
187,Test,0,0,49,East,High
188,Test,1,1,37,East,High
189,Test,0,0,23,West,Low
190,Control,0,0,19,West,High
191,Test,1,0,68,East,Low
192,Control,0,0,42,South,High
193,Control,0,1,48,East,High
194,Control,0,1,36,South,Middle
195,Test,0,0,45,East,Low
196,Test,0,0,33,West,Low
197,Test,1,0,21,East,Middle
198,Test,1,0,56,East,High
199,Control,0,0,53,South,Middle
200,Test,1,0,54,West,Middle
201,Test,1,0,52,North,Middle
202,Control,0,0,31,East,Middle
203,Test,0,0,22,North,Middle
204,Control,0,0,44,West,Middle
205,Control,0,0,38,South,High
206,Test,1,0,56,West,High
207,Test,1,0,43,North,Low
208,Test,0,1,35,South,Middle
209,Test,0,0,34,West,Low
210,Control,0,0,38,South,High
211,Control,1,0,43,East,High
212,Control,0,0,65,West,Low
213,Control,1,0,58,North,Middle
214,Control,0,0,59,South,Middle
215,Test,1,1,58,East,Middle
216,Test,0,0,58,West,Low
217,Test,1,0,46,South,Middle
218,Control,0,1,57,South,Low
219,Test,0,0,51,West,Middle
220,Test,0,0,66,North,Middle
221,Test,1,0,41,West,Low
222,Test,1,0,61,West,Middle
223,Test,1,0,30,West,Middle
224,Test,0,0,18,South,High
225,Control,0,0,41,West,Low
226,Test,0,0,57,North,Middle
227,Test,0,0,28,West,Middle
228,Control,1,1,68,West,Low
229,Control,0,0,22,East,Low
230,Test,1,0,25,North,High
231,Test,0,0,49,North,High
232,Control,0,0,25,West,High
233,Control,1,0,19,North,Middle
234,Test,1,0,53,East,High
235,Test,1,0,58,North,Middle
236,Test,1,0,67,East,High
237,Test,0,0,44,North,High
238,Control,1,0,49,South,High
239,Test,1,0,51,South,High
240,Control,0,0,57,West,Low
241,Control,0,0,57,West,Low
242,Test,0,0,42,North,Low
243,Test,0,0,37,North,Middle
244,Test,0,0,63,East,Middle
245,Control,0,1,49,South,High
246,Test,0,1,29,South,Low
247,Control,1,0,30,North,High
248,Test,0,1,63,South,Middle
249,Control,1,0,61,South,Middle
250,Test,0,0,39,West,Middle
251,Control,1,1,46,West,Middle
252,Control,1,0,38,North,Middle
253,Test,1,0,48,East,High
254,Test,0,0,61,East,Middle
255,Test,1,0,50,South,Middle
256,Test,1,0,36,North,Low
257,Test,0,0,61,East,High
258,Test,1,0,64,East,Low
259,Test,0,0,25,East,Low
260,Control,0,0,18,West,Middle
261,Control,0,0,59,East,Low
262,Control,0,0,38,East,High
263,Control,1,0,44,North,High
264,Control,0,0,26,East,Middle
265,Control,0,0,43,East,High
266,Control,1,0,31,North,Middle
267,Test,0,1,37,West,Low
268,Control,0,0,23,South,High
269,Test,1,1,21,East,Low
270,Test,0,0,27,West,Middle
271,Test,1,0,54,North,Middle
272,Control,0,0,56,South,Low
273,Test,0,0,21,East,Low
274,Test,0,0,34,North,Middle
275,Control,0,0,31,West,Middle
276,Test,1,0,69,West,High
277,Test,1,0,51,North,High
278,Control,0,0,36,West,Low
279,Test,0,0,39,South,High
280,Control,0,0,55,West,High
281,Test,0,0,36,West,Low
282,Control,0,0,66,North,Low
283,Test,0,0,69,West,Low
284,Control,0,0,64,South,High
285,Control,1,1,62,West,Middle
286,Test,0,0,37,West,High
287,Control,1,0,23,West,High
288,Control,1,0,56,West,High
289,Test,1,0,69,East,Low
290,Test,0,0,30,South,Middle
291,Test,1,0,62,South,Middle
292,Control,0,1,68,East,High
293,Test,1,0,63,North,Middle
294,Test,0,0,54,South,Low
295,Test,0,0,22,North,High
296,Control,1,0,56,North,Low
297,Test,1,1,41,South,Low
298,Control,1,0,63,North,High
299,Control,0,0,48,South,Low
300,Test,1,0,38,South,High
301,Control,0,0,47,East,Low
302,Control,0,0,45,East,Low
303,Control,1,1,33,North,Low
304,Control,1,0,30,East,Low
305,Test,0,0,53,North,Low
306,Test,0,0,60,North,Low
307,Test,0,0,50,North,High
308,Control,1,0,32,West,Middle
309,Test,0,0,37,North,Middle
310,Control,0,0,38,North,High
311,Test,0,0,31,West,High
312,Control,1,1,35,North,Middle
313,Test,0,0,54,West,High
314,Control,0,0,42,West,High
315,Test,1,1,58,North,Low
316,Test,0,0,59,South,Low
317,Control,0,0,50,East,High
318,Test,1,0,51,West,High
319,Test,0,0,56,West,High
320,Test,1,0,23,North,High
321,Control,0,0,27,South,Middle
322,Test,0,1,65,South,Middle
323,Test,0,0,33,West,Middle
324,Test,0,0,39,North,Middle
325,Test,0,0,55,East,High
326,Test,1,0,68,East,Low
327,Test,1,0,24,North,Low
328,Control,1,0,21,North,Middle
329,Control,1,0,57,East,Low
330,Control,1,0,45,East,High
331,Control,0,1,57,West,Middle
332,Test,1,0,19,North,Middle
333,Test,0,0,25,East,Low
334,Control,0,0,52,South,High
335,Test,0,0,42,South,Low
336,Test,0,0,22,East,Low
337,Test,1,0,27,South,Middle
338,Control,0,0,58,East,Low
339,Control,0,0,26,East,High
340,Test,0,1,57,East,Middle
341,Control,0,0,23,South,Low
342,Test,1,0,20,North,Low
343,Control,0,0,60,North,High
344,Control,1,0,18,West,Middle
345,Test,0,0,49,East,Low
346,Test,1,0,21,East,High
347,Test,1,1,36,North,Low
348,Control,1,0,63,South,High
349,Control,0,1,62,North,Middle
350,Test,1,0,30,West,Middle
351,Test,0,1,48,West,Middle
352,Control,0,0,22,North,Middle
353,Test,1,0,42,North,Middle
354,Test,1,0,22,East,Low
355,Control,1,0,26,West,High
356,Control,1,0,36,North,Low
357,Test,1,1,19,South,Low
358,Test,1,0,38,East,Middle
359,Control,0,0,29,North,Middle
360,Test,0,0,38,South,Low
361,Test,0,0,50,South,High
362,Test,0,0,58,North,Middle
363,Control,1,0,28,West,Low
364,Test,1,0,39,North,Middle
365,Test,1,0,47,West,High
366,Test,1,0,37,East,Low
367,Test,1,0,52,North,Middle
368,Control,0,0,56,West,High
369,Test,0,0,18,North,Middle
370,Control,1,0,20,South,Middle
371,Test,1,0,55,North,Middle
372,Test,0,0,63,East,Low
373,Test,1,1,34,South,Low
374,Control,1,0,30,South,Middle
375,Test,1,0,23,South,Low
376,Control,0,0,44,South,Middle
377,Control,0,0,31,South,High
378,Control,1,0,52,North,Low
379,Test,0,0,37,West,High
380,Test,0,0,31,East,High
381,Test,1,0,65,South,Middle
382,Control,1,1,20,West,Middle
383,Test,1,0,37,East,High
384,Control,1,0,26,East,High
385,Control,0,0,36,East,Middle
386,Test,1,0,55,North,Low
387,Test,0,0,34,East,Low
388,Control,0,0,69,West,Middle
389,Control,0,0,52,West,High
390,Control,0,0,58,East,High
391,Test,0,1,25,South,Low
392,Test,1,0,39,North,Middle
393,Control,1,0,33,South,Low
394,Control,0,0,47,West,Middle
395,Control,0,0,63,East,Middle
396,Test,1,0,22,West,Middle
397,Test,0,0,61,North,High
398,Test,0,0,26,North,Middle
399,Control,0,0,41,West,Middle
400,Test,1,0,40,South,Middle
401,Control,0,0,29,South,Middle
402,Test,0,0,36,West,Low
403,Control,1,0,57,East,High
404,Test,1,0,46,East,Low
405,Control,0,0,45,West,High
406,Test,0,0,62,North,Middle
407,Test,1,0,41,South,Low
408,Test,1,0,18,West,Low
409,Control,0,0,39,South,Low
410,Control,0,0,29,East,Low
411,Control,0,1,36,East,High
412,Control,0,1,46,West,Low
413,Control,0,0,31,South,High
414,Control,0,0,66,West,Low
415,Test,1,0,63,East,High
416,Control,0,0,37,West,High
417,Test,0,0,38,West,Low
418,Control,0,0,59,East,Middle
419,Control,0,1,26,East,High
420,Test,1,0,34,West,Middle
421,Test,0,0,56,West,Low
422,Control,0,0,28,South,Middle
423,Control,0,0,63,West,Middle
424,Control,0,0,36,North,Middle
425,Control,0,1,62,South,Middle
426,Test,1,0,62,South,Middle
427,Control,1,1,22,South,Middle
428,Test,0,0,40,North,Middle
429,Control,1,0,66,West,High
430,Test,1,0,19,South,Middle
431,Control,0,0,53,East,Low
432,Control,0,0,45,East,Low
433,Test,1,1,29,South,Low
434,Control,0,0,56,East,Middle
435,Control,0,0,27,West,Middle
436,Control,0,0,27,North,Low
437,Test,1,0,26,South,Low
438,Test,1,1,37,North,Middle
439,Control,0,0,46,East,Low
440,Control,0,0,57,South,Middle
441,Test,1,0,29,North,Low
442,Test,0,0,62,North,High
443,Control,0,1,66,South,Middle
444,Test,0,0,41,North,High
445,Test,1,0,60,South,High
446,Test,0,0,26,South,High
447,Control,0,0,61,East,Low
448,Control,1,0,45,West,Middle
449,Control,0,0,40,West,Middle
450,Test,0,0,53,North,Middle
451,Control,0,0,51,East,Low
452,Control,0,0,21,East,Low
453,Control,0,0,64,East,High
454,Test,0,0,35,South,High
455,Test,1,0,48,West,High
456,Control,1,0,66,South,Low
457,Test,1,0,51,North,Middle
458,Control,1,0,55,North,Low
459,Control,0,0,62,East,Middle
460,Test,1,0,41,West,Middle
461,Control,0,1,21,South,Middle
462,Test,0,0,60,North,High
463,Test,0,0,67,East,Low
464,Test,0,0,47,West,Middle
465,Test,0,0,54,West,Middle
466,Control,1,0,40,West,High
467,Test,0,1,26,East,High
468,Test,1,0,64,North,High
469,Test,0,0,49,North,Middle
470,Control,0,0,54,East,Middle
471,Control,0,0,62,North,Middle
472,Test,1,0,68,East,Middle
473,Test,0,0,62,South,High
474,Test,0,0,63,East,Middle
475,Control,0,0,28,East,High
476,Test,1,0,45,East,High
477,Control,0,1,30,North,High
478,Test,1,0,68,East,High
479,Control,1,0,35,North,Low
480,Test,1,0,36,North,Low
481,Control,0,0,45,South,High
482,Test,1,0,36,East,Middle
483,Control,0,0,51,South,High
484,Test,1,0,29,East,Middle
485,Test,0,0,56,North,High
486,Control,0,0,37,East,Middle
487,Test,0,0,23,East,Low
488,Control,0,0,65,North,High
489,Control,0,0,23,West,High
490,Test,1,0,55,North,Middle
491,Test,1,0,40,West,Low
492,Test,0,0,68,West,Low
493,Control,0,0,31,South,Low
494,Test,0,0,64,South,High
495,Test,1,0,62,North,High
496,Test,0,1,25,East,High
497,Control,1,0,66,East,Middle
498,Control,0,0,55,South,Middle
499,Control,0,0,64,North,Low
500,Control,0,1,33,South,Middle
501,Control,1,1,39,East,High
502,Test,1,0,59,West,High
503,Control,0,0,29,North,Low
504,Test,1,0,47,West,High
505,Test,1,0,36,West,Middle
506,Control,0,1,57,South,Middle
507,Control,0,0,18,West,Middle
508,Test,0,0,32,South,High
509,Control,0,0,22,South,Middle
510,Control,1,0,18,North,High
511,Control,1,0,57,East,Low
512,Control,0,0,31,East,High
513,Control,0,0,55,East,High
514,Test,0,0,31,North,Middle
515,Control,1,1,51,East,Low
516,Test,0,0,55,North,High
517,Control,0,0,51,South,Low
518,Test,1,0,19,North,Low
519,Control,0,0,64,North,High
520,Test,0,1,20,South,High
521,Test,1,1,44,North,Middle
522,Test,0,0,56,East,Middle
523,Control,0,0,30,West,Middle
524,Test,1,0,42,North,High
525,Control,0,0,40,South,Middle
526,Test,1,0,53,West,Middle
527,Control,0,0,49,East,High
528,Control,0,0,63,East,High
529,Test,1,0,39,East,Middle
530,Control,0,0,40,East,High
531,Control,1,0,48,East,Low
532,Test,0,0,51,North,Middle
533,Test,1,0,66,South,Low
534,Control,0,0,46,North,Middle
535,Test,0,0,55,West,Low
536,Control,1,0,25,East,High
537,Test,0,0,46,South,Low
538,Test,1,0,60,West,Middle
539,Test,0,0,61,West,Low
540,Control,0,1,68,West,High
541,Test,0,1,65,South,Low
542,Test,1,0,34,North,Low
543,Test,1,0,50,West,High
544,Test,1,0,27,East,High
545,Control,0,0,60,North,Middle
546,Control,0,1,61,East,High
547,Test,0,0,42,West,Middle
548,Control,0,0,36,West,Low
549,Control,0,1,34,East,High
550,Test,0,1,45,North,Middle
551,Test,1,0,65,East,High
552,Control,0,0,61,South,Low
553,Test,0,1,30,East,Middle
554,Test,0,0,48,South,Low
555,Test,1,0,55,North,Low
556,Control,0,0,50,South,High
557,Test,1,0,62,West,High
558,Test,0,0,24,South,High
559,Control,0,0,23,East,High
560,Test,1,0,57,South,Middle
561,Test,0,0,38,East,High
562,Test,0,0,66,East,Middle
563,Control,0,0,61,East,Middle
564,Control,0,0,30,West,High
565,Test,0,0,39,North,High
566,Test,1,1,52,East,High
567,Control,0,0,34,North,High
568,Test,1,0,46,South,High
569,Test,0,1,43,South,High
570,Control,0,0,45,North,High
571,Control,0,0,45,South,Low
572,Test,1,0,59,East,Middle
573,Control,1,0,51,West,High
574,Control,0,0,49,West,High
575,Test,0,0,24,North,High
576,Control,0,0,33,South,High
577,Test,1,0,30,West,High
578,Test,1,0,26,East,Low
579,Test,1,0,40,East,High
580,Test,1,0,39,East,High
581,Test,0,1,46,South,Low
582,Test,0,0,45,East,Low
583,Test,0,0,61,East,High
584,Control,0,1,26,West,Middle
585,Test,0,0,37,East,High
586,Test,1,1,45,East,Low
587,Test,1,0,43,West,Middle
588,Control,0,0,43,East,Low
589,Test,1,0,36,North,Middle
590,Test,0,0,57,East,High
591,Test,1,0,28,South,Low
592,Test,0,0,69,East,Low
593,Control,0,0,64,South,Low
594,Control,0,0,43,South,High
595,Control,0,0,69,North,Low
596,Test,0,0,50,East,High
597,Test,1,0,32,North,High
598,Control,0,1,63,North,High
599,Control,0,0,39,West,High
600,Test,1,0,63,West,High
601,Control,0,0,47,East,Middle
602,Test,1,0,62,North,Low
603,Control,0,0,65,North,Low
604,Test,1,0,48,South,Low
605,Test,0,1,33,West,Low
606,Test,1,0,43,North,Low
607,Test,1,0,54,North,Middle
608,Test,0,0,55,West,High
609,Test,1,1,21,South,High
610,Test,1,0,51,East,Low
611,Control,0,0,33,East,Low
612,Test,1,0,30,East,High
613,Control,1,0,53,North,High
614,Test,0,0,56,East,High
615,Control,1,1,67,South,High
616,Test,1,0,26,West,High
617,Test,1,0,45,North,Middle
618,Control,1,0,60,South,Low
619,Test,0,0,57,East,Low
620,Control,1,0,44,East,Middle
621,Control,0,0,46,West,Middle
622,Test,0,0,27,East,High
623,Control,1,0,44,East,High
624,Test,1,0,42,South,Low
625,Control,1,0,37,West,Middle
626,Control,0,0,52,West,High
627,Test,1,0,31,North,High
628,Test,1,1,46,East,High
629,Control,0,0,21,South,Low
630,Test,1,1,43,South,Middle
631,Test,1,0,27,West,High
632,Test,1,0,22,South,Low
633,Control,0,0,51,West,High
634,Test,1,0,21,North,High
635,Control,0,0,68,North,High
636,Control,0,0,68,South,Low
637,Test,0,0,64,West,Low
638,Control,1,0,22,West,Low
639,Test,0,0,59,North,Middle
640,Control,1,0,62,West,Middle
641,Control,0,0,36,West,High
642,Test,1,0,63,North,Middle
643,Test,0,0,32,North,High
644,Control,1,0,64,North,Low
645,Test,1,0,53,East,High
646,Control,0,0,59,North,Low
647,Test,1,0,66,North,Middle
648,Test,1,0,40,South,Low
649,Test,1,0,58,East,Middle
650,Test,0,0,23,West,Middle
651,Control,0,1,24,South,High
652,Test,0,0,37,North,Low
653,Test,0,0,64,South,High
654,Control,0,0,68,North,Low
655,Test,1,0,22,West,High
656,Test,1,0,47,West,Low
657,Control,0,0,44,West,Middle
658,Control,0,0,65,East,Low
659,Control,1,0,56,North,High
660,Test,0,0,38,North,Low
661,Control,0,0,48,North,Low
662,Control,1,0,51,West,High
663,Control,1,0,28,South,High
664,Control,0,0,34,West,Middle
665,Control,0,0,42,South,Low
666,Control,0,0,66,East,Low
667,Test,1,0,53,East,Low
668,Test,1,0,19,South,High
669,Control,0,0,23,West,Middle
670,Test,1,0,56,North,High
671,Control,1,0,51,West,High
672,Test,1,0,30,North,Middle
673,Test,0,0,20,East,High
674,Test,0,0,65,West,Low
675,Test,1,1,18,West,Low
676,Test,0,0,53,South,Low
677,Test,1,0,35,South,Middle
678,Control,0,0,52,West,Middle
679,Control,0,0,31,West,Low
680,Test,1,0,41,South,Middle
681,Control,1,0,50,West,Middle
682,Control,1,0,18,South,Low
683,Test,0,0,57,West,High
684,Control,0,0,52,North,Low
685,Control,1,0,60,West,Low
686,Test,1,0,21,East,Low
687,Control,0,0,39,South,High
688,Control,0,0,24,West,Low
689,Control,0,1,67,West,Low
690,Test,1,1,35,East,Middle
691,Test,0,0,50,East,Middle
692,Test,1,0,28,East,High
693,Test,0,0,23,West,Low
694,Test,0,0,31,East,Low
695,Test,1,0,50,East,Middle
696,Control,0,0,36,South,High
697,Control,0,0,47,North,Middle
698,Test,0,1,30,East,Low
699,Control,1,0,40,East,Low
700,Test,0,0,46,South,Middle
701,Test,0,0,35,East,Middle
702,Test,1,1,25,West,Low
703,Test,0,0,34,South,Low
704,Test,0,0,45,South,High
705,Control,0,0,43,North,Low
706,Control,0,0,66,North,Middle
707,Control,0,0,27,South,Low
708,Control,0,0,19,North,Low
709,Test,0,0,39,East,Low
710,Test,0,0,44,West,Low
711,Control,0,1,44,West,Low
712,Control,0,0,36,East,High
713,Test,1,0,47,North,High
714,Test,1,0,23,South,Low
715,Control,0,0,50,South,Low
716,Control,0,0,53,East,Middle
717,Test,0,0,21,West,Low
718,Test,1,0,27,West,Middle
719,Control,0,0,68,South,Middle
720,Control,1,0,39,North,Low
721,Test,1,0,62,West,Middle
722,Test,0,0,21,North,High
723,Control,1,0,36,South,Low
724,Test,1,0,62,West,High
725,Test,1,0,23,North,High
726,Control,1,0,67,South,Low
727,Test,1,0,69,East,Low
728,Control,1,1,45,East,High
729,Control,1,0,26,South,Middle
730,Control,0,1,45,South,High
731,Control,0,0,59,West,Low
732,Test,1,0,56,South,High
733,Control,0,0,49,West,High
734,Test,1,0,50,West,High
735,Control,0,0,65,North,High
736,Test,1,0,67,North,Low
737,Test,1,0,28,South,Low
738,Test,1,0,27,West,Middle
739,Control,1,0,53,East,Middle
740,Test,1,0,63,South,Middle
741,Test,0,0,44,West,Low
742,Test,1,0,59,North,High
743,Test,0,0,60,South,High
744,Control,0,0,45,North,Middle
745,Control,1,0,35,West,High
746,Control,1,0,60,West,Middle
747,Test,1,0,57,North,Low
748,Control,0,0,54,East,Middle
749,Test,1,0,39,East,Low
750,Control,1,0,30,North,Low
751,Test,0,0,60,West,High
752,Test,0,1,32,North,Low
753,Control,0,0,55,East,High
754,Control,0,0,55,East,Middle
755,Control,0,0,66,East,Middle
756,Test,0,0,24,North,High
757,Control,1,0,36,South,High
758,Test,0,0,21,South,Low
759,Test,1,0,59,East,Middle
760,Test,1,0,69,South,Low
761,Control,1,0,63,West,Middle
762,Test,1,1,53,East,Middle
763,Control,0,0,56,East,Middle
764,Control,0,0,26,West,High
765,Control,0,0,56,West,Low
766,Control,0,0,59,East,Low
767,Test,1,0,33,East,High
768,Test,1,0,39,East,Middle
769,Test,0,0,40,West,High
770,Control,0,0,64,East,Middle
771,Control,0,0,57,West,Middle
772,Control,1,0,61,West,Middle
773,Test,1,0,50,West,High
774,Control,0,0,49,East,Middle
775,Test,1,0,27,West,Middle
776,Control,0,0,51,South,High
777,Control,0,0,31,North,High
778,Test,0,0,36,South,Middle
779,Test,0,0,41,North,Middle
780,Test,1,0,64,South,High
781,Test,1,1,20,South,Middle
782,Control,0,0,18,West,Middle
783,Control,0,0,30,West,High
784,Test,1,0,65,West,High
785,Test,1,0,46,North,Middle
786,Control,0,1,34,North,Low
787,Test,0,0,66,South,High
788,Control,0,0,56,West,Middle
789,Test,0,0,34,North,Low
790,Control,1,0,20,East,Low
791,Control,0,0,49,West,Middle
792,Test,1,1,45,West,High
793,Control,0,0,46,East,Low
794,Test,1,0,68,North,Middle
795,Test,0,0,24,North,Low
796,Control,0,0,19,East,Middle
797,Test,0,0,28,West,Low
798,Test,0,0,57,East,Middle
799,Control,0,0,19,West,High
800,Test,0,1,29,East,Low
801,Test,0,0,32,North,High
802,Control,0,0,62,North,Middle
803,Control,0,0,32,South,High
804,Control,0,1,59,South,High
805,Control,0,0,31,East,High
806,Test,0,0,21,West,Low
807,Test,0,0,48,South,Low
808,Test,1,0,60,West,Low
809,Control,1,0,26,West,High
810,Test,0,0,32,West,Low
811,Control,0,0,26,South,Middle
812,Control,0,0,62,North,High
813,Control,0,0,69,East,Middle
814,Control,0,0,61,West,Low
815,Test,1,0,26,West,High
816,Test,0,0,34,West,High
817,Test,0,0,38,North,Middle
818,Test,1,1,54,West,High
819,Control,0,0,29,East,High
820,Control,0,0,33,South,Middle
821,Control,0,0,57,South,Middle
822,Control,0,0,47,South,Middle
823,Control,1,0,32,West,Middle
824,Control,0,0,67,West,Middle
825,Control,0,0,35,West,High
826,Control,1,0,55,South,Middle
827,Test,1,0,20,South,Low
828,Test,1,0,62,West,High
829,Control,1,0,63,East,Low
830,Test,0,0,39,South,Low
831,Test,0,0,32,West,Middle
832,Test,1,0,23,West,High
833,Test,1,0,37,West,Low
834,Control,0,0,18,North,Low
835,Test,0,0,38,North,Middle
836,Control,1,0,63,East,Low
837,Test,1,0,63,West,High
838,Control,1,0,46,North,Middle
839,Test,0,0,35,North,High
840,Test,1,0,55,South,Middle
841,Control,0,1,60,South,Middle
842,Control,1,0,27,West,Middle
843,Test,0,0,48,North,Middle
844,Control,0,0,66,South,Low
845,Test,1,1,38,West,Low
846,Control,1,0,65,South,Low
847,Control,0,0,48,East,High
848,Test,1,0,49,South,Middle
849,Test,0,0,60,East,High
850,Test,0,1,22,North,Low
851,Test,1,0,42,North,Middle
852,Control,0,0,36,South,Low
853,Control,0,0,60,East,Low
854,Test,1,0,40,West,Low
855,Test,1,1,45,West,Middle
856,Test,1,0,68,North,High
857,Control,0,0,66,West,High
858,Test,0,1,31,East,Middle
859,Test,0,0,35,East,High
860,Control,0,0,40,North,High
861,Test,1,0,40,East,Low
862,Test,1,0,58,South,Middle
863,Control,0,0,18,West,Middle
864,Test,1,0,32,East,Middle
865,Control,0,0,67,West,Middle
866,Control,0,0,31,North,Low
867,Test,0,0,50,North,Low
868,Control,0,0,29,West,Middle
869,Control,0,0,55,West,Low
870,Control,0,0,47,East,Low
871,Test,1,0,66,North,High
872,Test,0,1,43,East,Low
873,Test,1,0,60,South,Low
874,Test,0,0,57,East,High
875,Control,0,1,37,West,High
876,Control,1,0,60,North,Low
877,Control,0,0,64,West,Low
878,Control,0,0,40,South,High
879,Test,0,0,52,North,Low
880,Test,0,0,34,North,Middle
881,Control,0,1,25,West,Low
882,Control,1,0,63,West,Low
883,Control,0,0,29,North,Middle
884,Test,1,1,47,East,Low
885,Test,0,0,51,South,High
886,Control,0,0,51,North,High
887,Control,0,0,41,South,Middle
888,Test,0,0,54,South,High
889,Control,0,1,57,West,High
890,Test,0,0,40,South,Low
891,Control,1,0,25,South,Low
892,Test,0,0,27,East,Middle
893,Test,0,0,30,South,Low
894,Test,0,0,39,North,Low
895,Test,1,0,55,North,High
896,Test,1,0,40,South,High
897,Control,0,0,28,West,Middle
898,Control,0,0,22,South,Middle
899,Test,0,0,63,North,Low
900,Test,0,0,40,North,High
901,Control,0,0,48,East,Middle
902,Control,0,0,51,West,High
903,Test,0,0,65,East,High
904,Control,0,1,34,West,Low
905,Control,1,0,56,North,Low
906,Test,1,0,57,South,Low
907,Control,0,0,35,West,High
908,Test,0,0,29,West,Middle
909,Test,0,0,24,North,High
910,Control,0,0,33,East,Low
911,Test,0,0,42,North,High
912,Control,0,1,62,South,High
913,Test,1,0,36,West,High
914,Control,1,0,31,East,High
915,Test,1,0,56,South,Low
916,Control,1,0,55,North,Middle
917,Control,0,0,47,West,High
918,Control,1,0,51,East,High
919,Control,1,0,55,North,Low
920,Control,1,0,23,North,Low
921,Test,0,0,20,East,High
922,Test,1,0,48,South,Middle
923,Control,0,0,69,East,High
924,Control,0,0,38,North,Middle
925,Test,1,0,39,East,High
926,Control,1,0,59,East,High
927,Control,1,0,30,West,Middle
928,Test,0,0,18,North,Middle
929,Control,0,0,25,East,Low
930,Test,1,0,63,North,High
931,Control,0,1,64,South,High
932,Control,1,0,66,North,Low
933,Control,1,0,19,North,Middle
934,Test,1,0,47,West,Low
935,Control,1,0,46,North,High
936,Test,1,0,60,South,Middle
937,Control,0,0,34,West,High
938,Test,1,0,26,East,Low
939,Test,0,0,40,North,High
940,Control,0,0,69,South,Low
941,Control,1,1,61,West,Low
942,Test,0,0,26,East,Middle
943,Test,0,0,62,North,High
944,Test,0,0,25,North,Middle
945,Control,1,0,60,East,High
946,Test,1,0,28,South,Middle
947,Test,1,0,50,West,Low
948,Control,0,0,38,South,Low
949,Test,1,1,39,North,Low
950,Test,0,0,68,North,Middle
951,Control,0,0,52,West,High
952,Test,0,0,38,North,Low
953,Control,1,0,36,West,Middle
954,Control,0,0,23,South,High
955,Test,1,0,19,North,Low
956,Control,0,0,69,West,High
957,Test,1,0,60,West,High
958,Control,0,0,49,North,High
959,Control,0,0,63,West,Low
960,Control,1,0,63,West,High
961,Control,0,0,18,South,Middle
962,Test,0,1,50,East,Middle
963,Test,1,0,33,East,Middle
964,Test,0,0,44,South,Low
965,Control,0,0,29,South,High
966,Control,0,0,62,South,Low
967,Control,0,0,41,West,Middle
968,Test,0,0,43,West,Low
969,Test,1,0,36,South,Middle
970,Test,1,0,44,West,Middle
971,Control,0,0,29,North,Low
972,Test,1,0,64,North,Low
973,Test,0,1,37,South,Low
974,Control,1,0,65,East,Middle
975,Control,0,0,42,East,Middle
976,Control,1,1,38,North,Middle
977,Test,0,0,39,South,Low
978,Test,0,0,69,North,Low
979,Control,0,0,63,North,Low
980,Control,0,0,38,South,Low
981,Test,1,0,23,East,High
982,Control,1,0,64,East,Low
983,Control,0,0,38,North,Low
984,Test,1,0,40,South,Low
985,Test,1,0,27,North,Low
986,Test,0,0,28,North,Low
987,Test,1,0,62,West,Middle
988,Control,0,0,62,West,High
989,Test,1,0,65,South,Middle
990,Control,1,0,68,South,Middle
991,Test,1,0,29,West,Low
992,Control,1,0,25,South,High
993,Test,0,1,45,West,Middle
994,Test,1,0,48,North,Low
995,Test,1,0,51,West,Low
996,Test,0,0,29,South,High
997,Control,0,0,54,North,Middle
998,Test,1,0,59,West,High
999,Test,0,0,34,East,High
1000,Test,0,1,33,West,Middle
1001,Control,0,0,34,North,Middle
1002,Control,0,0,55,North,Middle
1003,Control,0,0,23,West,High
1004,Test,1,0,25,South,Low
1005,Control,1,0,44,South,High
1006,Control,1,0,52,East,High
1007,Control,0,0,66,South,High
1008,Test,0,0,64,East,Low
1009,Control,0,0,23,South,High
1010,Test,1,0,21,East,High
1011,Control,0,0,30,East,High
1012,Control,0,0,32,South,Middle
1013,Test,1,1,61,South,Middle
1014,Control,0,0,37,North,Low
1015,Control,0,0,65,South,Low
1016,Test,0,0,34,North,Middle
1017,Control,1,1,52,South,Middle
1018,Control,0,0,31,East,Low
1019,Control,0,0,21,South,High
1020,Control,0,0,33,North,High
1021,Test,0,0,45,North,Middle
1022,Test,1,0,20,North,Middle
1023,Test,0,0,60,East,Low
1024,Control,0,0,19,West,High
1025,Test,1,1,68,East,Low
1026,Test,0,0,33,South,High
1027,Control,0,0,35,West,Middle
1028,Test,0,0,56,South,Low
1029,Control,1,0,62,West,High
1030,Control,0,0,63,South,High
1031,Test,0,0,23,South,High
1032,Control,0,0,57,West,Low
1033,Test,1,0,27,North,Low
1034,Test,1,0,20,East,Low
1035,Control,1,0,49,East,Middle
1036,Control,1,0,58,East,Low
1037,Control,0,0,23,North,Middle
1038,Test,0,0,39,North,High
1039,Control,1,0,59,North,Middle
1040,Test,0,0,40,West,Low
1041,Test,0,0,58,West,Middle
1042,Test,0,0,64,West,Low
1043,Test,0,0,40,South,Low
1044,Test,0,0,62,North,Low
1045,Test,1,0,27,North,Middle
1046,Test,1,0,47,North,Low
1047,Test,0,0,31,South,Middle
1048,Control,0,0,27,North,High
1049,Control,0,0,38,East,High
1050,Test,1,0,34,North,Middle
1051,Control,0,0,29,West,Low
1052,Control,0,1,28,North,Middle
1053,Control,0,0,52,South,Middle
1054,Test,0,0,23,East,Middle
1055,Control,1,0,64,North,Low
1056,Test,0,0,30,West,Low
1057,Control,0,0,43,East,Low
1058,Test,0,0,25,North,Middle
1059,Test,1,0,63,South,Low
1060,Control,0,0,30,South,Low
1061,Test,1,0,34,North,Middle
1062,Control,0,0,22,East,Middle
1063,Test,0,0,46,West,High
1064,Test,1,0,40,North,High
1065,Test,0,0,62,South,Middle
1066,Test,1,0,46,East,Low
1067,Test,0,0,63,North,Middle
1068,Test,1,0,38,West,Middle
1069,Control,1,0,69,East,High
1070,Control,0,0,53,South,High
1071,Control,0,0,35,North,High
1072,Test,0,0,62,West,High
1073,Control,0,0,60,North,Middle
1074,Test,1,0,39,West,High
1075,Control,0,0,26,West,Middle
1076,Control,0,0,23,West,High
1077,Control,1,0,37,South,Low
1078,Test,1,0,35,South,Low
1079,Control,0,0,28,South,Low
1080,Control,0,0,46,West,Low
1081,Test,1,0,26,South,High
1082,Control,0,1,36,East,Middle
1083,Control,0,0,52,North,Middle
1084,Test,1,1,36,East,Middle
1085,Test,1,0,69,North,High
1086,Test,0,0,41,North,Middle
1087,Control,0,0,63,South,High
1088,Control,0,0,41,North,High
1089,Control,1,0,21,East,High
1090,Test,1,0,29,West,Middle
1091,Test,0,1,45,West,High
1092,Test,0,0,59,North,Low
1093,Test,1,0,21,West,Low
1094,Test,0,0,57,North,Middle
1095,Test,0,1,20,South,Low
1096,Test,0,0,66,East,Middle
1097,Control,1,0,19,East,Middle
1098,Test,1,0,55,East,Middle
1099,Control,0,0,27,South,Low
1100,Test,1,0,30,West,Middle
1101,Test,1,0,64,West,High
1102,Control,0,0,39,South,Middle
1103,Control,0,0,44,West,High
1104,Test,1,0,43,East,Low
1105,Control,0,0,26,North,Middle
1106,Test,0,0,49,South,High
1107,Control,1,0,56,South,Low
1108,Control,0,0,53,North,Low
1109,Control,0,0,48,West,Low
1110,Test,1,0,32,South,Middle
1111,Test,1,0,56,West,High
1112,Test,1,0,31,North,High
1113,Control,1,0,51,South,Middle
1114,Test,1,0,23,West,Low
1115,Test,1,0,31,East,Middle
1116,Control,1,1,42,East,High
1117,Control,0,0,37,East,Low
1118,Test,1,0,49,North,Low
1119,Control,1,0,22,South,High
1120,Control,0,0,31,South,Middle
1121,Test,0,0,29,North,High
1122,Control,0,0,31,West,Low
1123,Control,0,0,32,North,Low
1124,Test,0,0,64,East,High
1125,Test,0,0,44,West,Middle
1126,Test,0,0,31,West,Middle
1127,Control,0,0,48,West,Middle
1128,Test,0,0,63,North,Low
1129,Test,0,0,57,East,Middle
1130,Control,1,0,22,West,Low
1131,Test,1,0,42,East,High
1132,Test,0,0,22,East,Middle
1133,Test,0,0,18,South,Low
1134,Control,0,0,28,North,High
1135,Test,1,1,28,East,High
1136,Control,0,0,52,North,High
1137,Test,1,0,64,East,Middle
1138,Test,0,0,37,West,Middle
1139,Control,0,0,68,South,Middle
1140,Control,0,0,22,West,High
1141,Test,1,0,62,East,Low
1142,Control,0,0,68,East,Low
1143,Test,0,0,62,South,High
1144,Test,1,0,39,South,High
1145,Test,0,0,62,North,Low
1146,Test,1,0,69,South,High
1147,Test,1,0,68,West,Middle
1148,Test,0,0,45,East,High
1149,Test,1,0,65,West,Low
1150,Test,0,0,48,North,High
1151,Control,0,0,59,West,Low
1152,Control,1,0,60,West,High
1153,Test,0,0,69,West,Low
1154,Control,0,0,18,South,Low
1155,Test,1,0,69,West,High
1156,Test,1,0,28,South,Middle
1157,Control,1,1,29,North,Middle
1158,Test,1,0,60,South,Middle
1159,Control,1,0,41,North,Middle
1160,Test,1,1,69,South,Low
1161,Control,0,0,66,West,Low
1162,Control,0,0,45,West,High
1163,Test,1,0,40,West,Middle
1164,Test,0,0,43,West,Low
1165,Control,1,0,50,South,High
1166,Test,1,0,47,North,Middle
1167,Control,0,0,63,North,High
1168,Control,0,0,32,South,Low
1169,Test,0,1,55,East,Low
1170,Control,0,0,69,West,High
1171,Test,0,0,42,South,Low
1172,Control,1,0,35,East,Middle
1173,Test,0,0,24,East,Middle
1174,Control,0,0,44,East,Middle
1175,Test,0,0,51,South,Low
1176,Test,0,0,43,North,Low
1177,Control,0,0,67,South,Low
1178,Control,1,0,41,South,Low
1179,Test,1,0,60,North,Middle
1180,Test,1,1,35,North,High
1181,Control,0,0,52,North,High
1182,Control,0,0,21,North,High
1183,Control,0,0,63,West,Middle
1184,Test,1,0,21,North,High
1185,Test,0,0,19,West,High
1186,Control,0,0,35,South,High
1187,Control,0,0,18,East,Middle
1188,Control,0,1,43,East,High
1189,Control,0,0,25,West,Low
1190,Control,1,0,35,East,Low
1191,Control,0,1,59,West,Low
1192,Control,0,0,47,East,High
1193,Control,0,1,38,East,High
1194,Test,0,0,60,East,Low
1195,Control,0,0,69,West,Low
1196,Test,0,0,35,East,Low
1197,Control,0,1,61,North,High
1198,Control,1,1,61,North,High
1199,Test,0,0,21,South,Low
1200,Control,0,0,51,North,Middle
1201,Control,1,0,61,West,Middle
1202,Test,1,0,38,West,Low
1203,Control,0,1,31,South,Low
1204,Test,0,0,68,East,High
1205,Test,1,0,62,West,High
1206,Control,1,0,22,North,Low
1207,Control,1,0,27,South,High
1208,Control,0,0,24,East,Middle
1209,Test,0,0,36,East,High
1210,Control,1,0,52,East,Middle
1211,Control,0,0,30,North,Middle
1212,Test,1,1,25,West,Middle
1213,Test,1,0,21,West,Middle
1214,Control,0,0,25,North,Low
1215,Control,0,0,65,South,Low
1216,Test,0,0,24,West,High
1217,Test,0,0,58,South,High
1218,Test,1,0,61,East,High
1219,Control,0,1,63,South,Middle
1220,Test,0,0,67,North,Middle
1221,Test,0,0,43,North,Low
1222,Test,1,0,53,East,Low
1223,Control,0,1,64,East,High
1224,Control,1,0,30,West,High
1225,Control,0,0,45,West,Middle
1226,Test,1,0,64,South,High
1227,Control,0,0,45,North,High
1228,Control,0,0,51,West,Middle
1229,Control,0,1,23,North,Middle
1230,Test,1,0,47,South,Middle
1231,Test,0,0,37,North,High
1232,Control,0,0,19,West,Middle
1233,Control,0,0,64,North,Middle
1234,Test,1,0,67,West,Low
1235,Test,1,0,36,West,Middle
1236,Control,1,0,63,West,High
1237,Control,1,0,41,North,Middle
1238,Test,0,0,39,North,High
1239,Control,0,0,35,North,High
1240,Test,1,0,50,South,High
1241,Test,1,0,66,East,Middle
1242,Control,1,0,52,South,Middle
1243,Test,0,0,40,West,High
1244,Test,1,0,45,West,Low
1245,Control,0,0,63,South,Low
1246,Test,0,0,39,East,High
1247,Test,1,1,42,East,High
1248,Control,0,0,68,North,Low
1249,Test,1,0,40,South,High
1250,Test,1,1,35,North,Middle
1251,Control,0,0,56,South,Low
1252,Test,1,0,35,South,Middle
1253,Control,0,0,68,East,Low
1254,Test,0,0,37,North,High
1255,Control,0,0,62,West,Middle
1256,Control,0,0,57,West,Low
1257,Control,0,0,40,West,High
1258,Test,0,1,45,South,High
1259,Control,0,0,42,South,Low
1260,Test,0,0,28,East,High
1261,Test,0,0,62,West,High
1262,Control,0,0,20,East,Middle
1263,Test,0,0,41,East,Middle
1264,Control,0,0,69,South,Middle
1265,Test,0,0,18,East,High
1266,Control,0,0,60,South,Low
1267,Test,1,0,46,East,High
1268,Control,1,0,33,South,High
1269,Test,0,0,59,North,Middle
1270,Test,0,0,61,West,High
1271,Test,1,0,42,West,Low
1272,Control,0,0,23,North,Middle
1273,Control,0,0,56,North,High
1274,Control,1,0,69,South,Middle
1275,Control,0,0,26,East,High
1276,Test,1,0,57,South,Low
1277,Test,1,0,21,South,High
1278,Control,0,0,69,East,Middle
1279,Control,1,0,32,South,High
1280,Test,1,0,30,South,High
1281,Test,0,0,48,North,Middle
1282,Test,0,0,63,West,High
1283,Test,0,0,28,North,Low
1284,Test,0,0,30,South,High
1285,Test,0,0,54,South,High
1286,Test,0,0,69,South,High
1287,Control,0,0,40,East,Middle
1288,Control,0,0,38,North,Low
1289,Control,1,0,68,North,Middle
1290,Control,1,0,48,West,Middle
1291,Test,1,0,34,South,Low
1292,Test,0,1,56,North,Middle
1293,Test,1,0,20,South,Low
1294,Control,0,0,37,East,High
1295,Control,1,0,36,East,Middle
1296,Test,1,1,41,North,High
1297,Test,1,0,61,South,Low
1298,Control,1,0,66,South,Middle
1299,Test,1,0,47,North,Middle
1300,Control,0,0,64,South,High
1301,Test,0,0,35,East,Middle
1302,Test,0,0,59,South,High
1303,Test,1,1,24,North,Low
1304,Test,1,0,42,West,Low
1305,Control,1,0,23,North,High
1306,Test,1,0,34,West,Low
1307,Test,1,0,68,East,High
1308,Test,0,0,28,North,High
1309,Test,1,0,43,West,Middle
1310,Control,0,0,56,East,High
1311,Control,1,0,37,East,High
1312,Control,0,0,24,North,Low
1313,Control,0,0,25,North,Low
1314,Control,0,0,20,West,Low
1315,Control,0,0,44,West,High
1316,Control,1,0,24,South,Low
1317,Test,0,0,28,East,Low
1318,Control,0,0,53,North,Low
1319,Control,0,0,34,East,High
1320,Control,0,0,49,South,Middle
1321,Test,1,1,52,West,Middle
1322,Test,1,0,48,West,Middle
1323,Control,0,0,69,West,High
1324,Control,0,0,31,North,High
1325,Control,0,0,44,North,High
1326,Control,0,0,25,East,High
1327,Control,0,0,30,East,High
1328,Test,0,0,49,North,Middle
1329,Test,1,1,69,West,Middle
1330,Control,0,1,32,West,Low
1331,Control,0,0,51,South,High
1332,Test,0,0,48,East,High
1333,Control,0,0,31,East,High
1334,Test,1,0,34,North,High
1335,Control,0,0,47,North,Low
1336,Control,0,0,39,West,High
1337,Control,0,0,66,East,Low
1338,Test,0,0,19,South,Middle
1339,Control,1,0,47,South,Low
1340,Control,0,1,22,East,Low
1341,Control,0,0,68,South,High
1342,Control,0,0,22,West,High
1343,Control,1,0,60,East,High
1344,Control,1,0,39,East,Low
1345,Control,1,0,63,West,Middle
1346,Test,1,0,50,South,High
1347,Control,1,0,35,North,Middle
1348,Control,0,0,50,South,Middle
1349,Test,1,0,53,West,Middle
1350,Test,1,0,51,South,High
1351,Test,0,0,66,East,Middle
1352,Control,0,0,30,North,Middle
1353,Control,1,0,59,South,High
1354,Test,1,0,68,East,Middle
1355,Control,0,0,21,East,Middle
1356,Test,1,0,59,West,Middle
1357,Test,1,0,18,West,High
1358,Control,1,0,67,South,High
1359,Control,0,0,31,East,Low
1360,Control,1,0,59,East,High
1361,Control,0,0,37,North,Low
1362,Control,1,0,18,West,High
1363,Control,1,0,64,North,High
1364,Test,0,0,52,West,High
1365,Control,0,0,28,East,Middle
1366,Control,1,0,58,East,Low
1367,Test,1,0,47,North,Middle
1368,Test,0,0,34,North,High
1369,Control,0,0,32,South,High
1370,Control,1,0,36,West,Low
1371,Control,0,0,67,South,High
1372,Test,0,0,46,East,Low
1373,Control,0,0,18,West,Low
1374,Control,0,0,61,East,Middle
1375,Control,0,0,43,North,High
1376,Control,0,0,27,East,Middle
1377,Test,1,0,40,West,Low
1378,Control,1,0,61,East,Low
1379,Test,0,0,21,East,High
1380,Control,1,0,49,West,High
1381,Test,1,0,34,East,High
1382,Control,0,0,49,East,Middle
1383,Control,0,0,64,West,Middle
1384,Test,1,0,35,West,Middle
1385,Control,0,0,40,South,Middle
1386,Control,0,1,61,South,Low
1387,Test,1,0,53,South,Low
1388,Control,0,0,22,South,Middle
1389,Control,0,0,50,South,Middle
1390,Test,1,0,33,North,Middle
1391,Test,1,0,32,West,Low
1392,Control,0,0,50,West,Low
1393,Control,1,1,20,North,Low
1394,Control,1,0,60,South,High
1395,Control,0,0,31,South,Low
1396,Control,0,1,27,East,Low
1397,Test,0,0,53,North,High
1398,Test,1,0,50,North,Low
1399,Test,0,0,59,West,Middle
1400,Control,0,1,33,South,Middle
1401,Control,0,0,44,South,High
1402,Test,1,0,67,South,High
1403,Test,0,0,67,West,High
1404,Control,1,0,40,South,Middle
1405,Test,0,0,43,South,Low
1406,Control,0,0,54,South,High
1407,Test,0,0,58,South,High
1408,Control,0,0,50,South,Middle
1409,Control,0,1,19,North,Low
1410,Test,0,0,41,South,High
1411,Control,0,1,67,West,High
1412,Test,1,0,28,East,Low
1413,Test,0,0,46,South,Middle
1414,Test,1,0,35,East,High
1415,Control,1,0,62,West,Low
1416,Test,0,0,66,West,Low
1417,Control,0,0,37,East,High
1418,Test,1,0,61,East,Low
1419,Control,0,0,32,North,High
1420,Control,0,0,43,North,Middle
1421,Control,1,0,43,East,Middle
1422,Test,0,0,49,North,Low
1423,Test,0,0,59,East,Middle
1424,Test,1,0,29,East,High
1425,Test,1,0,60,West,Low
1426,Test,1,0,25,West,Low
1427,Test,1,1,24,West,Middle
1428,Test,0,0,41,East,High
1429,Test,1,0,66,South,High
1430,Control,0,0,33,South,Middle
1431,Control,0,0,45,North,Low
1432,Test,1,0,24,East,High
1433,Control,1,0,43,South,Middle
1434,Control,0,0,62,North,Low
1435,Test,0,0,21,West,Low
1436,Control,1,1,31,East,Low
1437,Test,1,0,43,North,High
1438,Control,0,0,41,West,Middle
1439,Test,1,0,38,North,Low
1440,Test,0,0,19,West,Low
1441,Control,0,0,30,East,Low
1442,Control,0,0,19,South,High
1443,Control,0,0,20,North,Middle
1444,Control,0,0,53,North,Low
1445,Control,0,0,61,East,Middle
1446,Test,1,0,53,West,Middle
1447,Control,0,0,47,North,High
1448,Control,0,0,49,North,High
1449,Test,1,0,44,East,Middle
1450,Test,1,0,24,South,High
1451,Control,1,0,20,West,Middle
1452,Control,0,0,54,East,Low
1453,Test,0,0,23,North,High
1454,Control,0,0,38,East,Middle
1455,Control,1,0,59,East,High
1456,Test,1,0,31,West,Middle
1457,Test,0,0,55,South,Middle
1458,Test,1,0,58,West,High
1459,Control,1,0,20,West,Low
1460,Test,0,0,29,North,Middle
1461,Control,0,0,51,South,Middle
1462,Test,0,0,21,East,High
1463,Control,0,0,29,East,Low
1464,Test,1,0,25,North,Middle
1465,Test,0,0,29,North,High
1466,Control,0,0,28,West,Middle
1467,Test,0,0,38,South,High
1468,Test,1,0,46,South,High
1469,Control,0,0,65,West,High
1470,Control,0,0,38,South,High
1471,Control,0,0,37,East,Low
1472,Control,1,0,18,South,Low
1473,Test,1,0,61,South,Low
1474,Control,0,0,23,North,High
1475,Test,1,0,41,North,High
1476,Control,0,0,38,West,Middle
1477,Test,1,0,56,West,High
1478,Test,0,0,45,West,Low
1479,Test,0,0,65,West,Low
1480,Control,0,0,69,North,High
1481,Test,0,1,42,West,High
1482,Control,0,0,69,East,Middle
1483,Control,0,0,48,West,Low
1484,Test,0,0,38,East,High
1485,Control,0,0,54,North,High
1486,Control,0,0,67,West,High
1487,Control,0,0,41,East,Middle
1488,Test,1,1,27,South,High
1489,Test,0,1,19,South,Middle
1490,Test,1,1,64,East,Middle
1491,Control,0,0,59,West,Middle
1492,Control,0,0,36,West,High
1493,Test,0,0,33,East,Middle
1494,Test,0,1,25,West,Low
1495,Control,0,0,43,South,Low
1496,Test,1,0,46,South,High
1497,Test,0,0,29,West,Low
1498,Control,1,0,35,South,Middle
1499,Control,0,0,19,South,Middle
1500,Test,0,0,43,South,High
1501,Test,1,0,57,West,Middle
1502,Test,1,0,32,North,Middle
1503,Control,1,0,27,South,Low
1504,Control,1,0,63,East,Middle
1505,Control,0,0,24,West,High
1506,Test,1,0,32,East,Middle
1507,Test,0,0,18,East,Middle
1508,Control,0,0,54,West,Low
1509,Test,1,0,62,South,High
1510,Control,0,1,57,East,Middle
1511,Test,0,1,47,West,High
1512,Test,1,0,33,North,Middle
1513,Test,1,0,61,West,High
1514,Control,0,0,65,South,High
1515,Test,0,0,22,West,High
1516,Test,1,0,52,North,Low
1517,Control,0,1,30,East,Low
1518,Test,0,0,31,East,High
1519,Test,0,0,50,East,High
1520,Test,0,0,54,East,Middle
1521,Test,1,0,32,West,Middle
1522,Control,1,0,36,South,Low
1523,Control,0,0,21,South,High
1524,Test,1,0,53,North,Low
1525,Control,1,0,53,West,Low
1526,Control,0,0,35,North,Middle
1527,Control,1,0,51,North,Middle
1528,Control,1,0,58,North,Middle
1529,Control,0,0,45,North,High
1530,Test,0,0,22,East,Low
1531,Control,0,0,49,East,Middle
1532,Control,0,0,44,South,High
1533,Control,1,0,56,North,Low
1534,Test,0,0,40,East,Middle
1535,Test,0,0,26,East,High
1536,Test,1,0,66,South,High
1537,Control,0,0,48,West,High
1538,Test,1,0,65,East,Middle
1539,Test,0,0,41,South,Low
1540,Test,0,0,64,East,Middle
1541,Test,1,0,33,East,Low
1542,Test,0,0,53,North,Low
1543,Control,1,0,67,East,Middle
1544,Test,1,0,66,North,High
1545,Test,0,0,21,West,Middle
1546,Control,1,0,40,West,Middle
1547,Control,0,0,40,North,High
1548,Test,1,0,32,South,Middle
1549,Test,1,0,36,West,Low
1550,Control,0,0,53,West,Middle
1551,Control,0,0,62,East,Low
1552,Test,0,0,21,South,High
1553,Test,0,0,27,East,High
1554,Test,0,0,56,West,Low
1555,Control,1,0,55,South,Low
1556,Test,0,0,38,North,High
1557,Test,0,0,56,West,Middle
1558,Test,1,0,66,South,Middle
1559,Control,0,0,48,South,Low
1560,Control,0,1,60,South,Low
1561,Test,0,0,50,East,Low
1562,Test,0,0,46,North,Low
1563,Control,1,1,61,South,Low
1564,Test,0,1,18,South,Middle
1565,Test,1,0,45,East,Middle
1566,Test,1,1,40,West,High
1567,Control,0,0,42,East,Low
1568,Control,1,0,35,North,Middle
1569,Test,0,1,36,North,High
1570,Test,0,1,20,South,Low
1571,Test,1,0,57,West,Low
1572,Control,0,0,55,South,Middle
1573,Test,0,0,61,South,High
1574,Control,0,0,65,South,Middle
1575,Control,1,0,30,South,Middle
1576,Test,0,0,19,East,Middle
1577,Control,1,0,59,North,High
1578,Control,1,0,34,East,Middle
1579,Test,0,0,53,South,Middle
1580,Control,1,0,35,South,Low
1581,Control,0,0,34,West,Middle
1582,Control,1,0,21,South,Middle
1583,Control,1,0,29,West,Low
1584,Control,1,0,21,North,High
1585,Test,1,0,35,South,Middle
1586,Control,0,0,35,South,Low
1587,Test,0,0,52,North,High
1588,Test,0,1,49,North,Low
1589,Test,0,0,41,South,High
1590,Control,0,0,44,South,Middle
1591,Control,0,0,18,East,High
1592,Test,0,0,27,West,High
1593,Control,0,0,56,North,High
1594,Test,1,0,63,East,High
1595,Control,0,0,56,East,Low
1596,Test,1,0,25,West,High
1597,Test,1,0,24,West,Low
1598,Control,0,0,26,East,Middle
1599,Test,1,0,68,East,High
1600,Control,1,0,45,North,High
1601,Control,0,0,42,West,Middle
1602,Test,1,0,31,East,Middle
1603,Control,0,0,37,West,High
1604,Control,0,0,32,North,High
1605,Test,0,0,48,South,Middle
1606,Control,0,0,67,West,Low
1607,Test,0,0,56,South,High
1608,Test,0,0,47,East,Middle
1609,Test,1,0,24,North,Low
1610,Control,0,0,56,North,Low
1611,Control,0,0,55,North,Low
1612,Control,1,0,51,West,Low
1613,Control,1,0,67,North,High
1614,Test,0,0,20,West,High
1615,Test,0,1,20,North,Middle
1616,Control,0,0,34,North,Low
1617,Control,0,0,21,West,Low
1618,Test,0,0,69,North,Middle
1619,Test,0,0,27,East,High
1620,Control,0,0,38,East,High
1621,Control,0,1,52,North,Middle
1622,Control,1,0,57,South,High
1623,Control,1,0,61,North,High
1624,Control,0,0,63,West,Low
1625,Control,1,0,34,South,High
1626,Control,0,0,34,West,High
1627,Control,1,0,69,East,High
1628,Test,0,0,43,West,Low
1629,Control,0,0,20,South,High
1630,Test,0,0,41,East,High
1631,Control,1,0,30,West,Middle
1632,Test,0,0,29,East,Middle
1633,Test,1,0,57,West,High
1634,Test,0,0,52,South,High
1635,Control,0,0,28,West,High
1636,Test,1,0,27,East,Middle
1637,Test,1,0,25,West,Low
1638,Control,0,0,62,East,High
1639,Control,0,0,49,South,Middle
1640,Control,0,0,33,East,Low
1641,Control,0,0,34,East,Low
1642,Test,0,0,40,South,Low
1643,Control,0,0,19,West,Middle
1644,Control,1,0,32,South,Middle
1645,Test,1,0,54,South,Low
1646,Test,1,0,67,East,Low
1647,Test,1,0,55,South,High
1648,Control,0,0,68,East,Middle
1649,Control,0,0,59,West,High
1650,Control,0,1,40,East,Low
1651,Test,0,0,52,North,Low
1652,Test,0,0,30,East,Middle
1653,Test,0,0,45,North,Low
1654,Control,1,0,41,West,Low
1655,Test,1,0,62,North,Middle
1656,Control,0,0,59,East,High
1657,Control,1,0,22,South,Low
1658,Test,1,0,32,West,High
1659,Control,0,0,36,South,Middle
1660,Test,1,0,68,West,Low
1661,Control,0,0,46,East,Low
1662,Test,1,0,28,North,High
1663,Test,1,0,48,East,Low
1664,Test,0,0,53,West,High
1665,Control,1,0,18,South,Middle
1666,Control,0,0,45,West,Middle
1667,Control,1,1,55,South,Low
1668,Control,0,0,19,East,Middle
1669,Test,1,0,27,North,Low
1670,Test,0,0,55,West,Middle
1671,Test,1,0,29,South,Middle
1672,Test,0,1,64,North,Middle
1673,Control,1,0,27,East,High
1674,Test,1,0,38,South,Middle
1675,Control,0,0,61,South,Low
1676,Test,0,0,32,South,High
1677,Control,0,0,54,North,High
1678,Control,0,0,30,South,High
1679,Control,0,0,38,East,Low
1680,Test,1,0,43,North,Middle
1681,Test,0,0,63,West,Low
1682,Test,1,0,50,South,High
1683,Control,0,0,38,South,High
1684,Test,0,0,38,West,High
1685,Control,1,0,63,North,Middle
1686,Control,0,0,65,East,Low
1687,Control,0,0,27,East,Low
1688,Test,1,0,37,North,Middle
1689,Control,0,0,24,North,Middle
1690,Test,1,0,33,East,Low
1691,Control,0,0,48,East,High
1692,Test,1,0,26,South,Middle
1693,Control,0,1,30,East,Middle
1694,Control,0,0,60,South,Low
1695,Test,1,0,46,North,Low
1696,Control,0,0,53,East,Middle
1697,Test,0,0,19,West,High
1698,Control,0,0,18,North,Middle
1699,Test,0,0,42,East,High
1700,Test,0,0,23,South,High
1701,Test,1,0,35,North,High
1702,Test,1,0,54,West,Low
1703,Test,0,1,37,South,Low
1704,Test,1,0,18,West,High
1705,Control,0,1,58,North,High
1706,Test,0,0,28,South,Middle
1707,Control,0,0,62,South,Middle
1708,Test,1,0,27,East,Middle
1709,Control,1,0,33,South,High
1710,Control,0,0,68,South,Low
1711,Test,0,0,51,South,Middle
1712,Control,0,0,68,South,Middle
1713,Control,1,1,30,North,Low
1714,Test,1,0,56,South,High
1715,Control,1,0,24,East,Middle
1716,Test,0,1,24,East,Middle
1717,Test,1,0,65,South,Low
1718,Control,0,1,24,South,Low
1719,Control,0,0,53,East,High
1720,Control,0,0,52,South,Low
1721,Control,0,0,42,East,Low
1722,Test,1,0,22,South,High
1723,Test,0,0,60,East,Low
1724,Test,1,0,53,West,Middle
1725,Control,0,1,35,South,Low
1726,Control,0,0,39,North,Middle
1727,Control,0,0,61,East,Middle
1728,Control,0,0,43,South,Low
1729,Control,0,0,48,South,Middle
1730,Test,0,0,66,East,Middle
1731,Control,0,0,63,West,Middle
1732,Control,0,0,56,West,High
1733,Test,0,1,19,West,High
1734,Control,0,0,54,North,Middle
1735,Test,1,0,46,North,Low
1736,Test,0,0,52,North,High
1737,Test,1,0,49,North,Low
1738,Test,1,0,62,West,Middle
1739,Test,0,0,53,East,Middle
1740,Control,0,0,46,West,Middle
1741,Control,0,0,32,South,Middle
1742,Test,0,0,32,North,High
1743,Control,0,0,66,South,High
1744,Control,1,0,31,West,Middle
1745,Test,1,1,59,West,Low
1746,Control,0,0,35,West,High
1747,Control,1,0,65,West,Low
1748,Test,1,0,21,East,High
1749,Control,0,0,69,North,Low
1750,Control,1,0,61,West,High
1751,Test,1,1,62,North,High
1752,Test,1,0,20,South,Middle
1753,Test,0,0,20,North,Low
1754,Test,0,0,26,South,Low
1755,Control,0,1,63,South,High
1756,Control,0,0,56,West,Middle
1757,Test,1,0,26,West,Middle
1758,Control,0,0,61,North,Low
1759,Control,0,0,19,North,High
1760,Test,0,0,22,North,Middle
1761,Test,0,0,60,West,High
1762,Control,0,0,47,West,Low
1763,Control,0,0,20,West,Middle
1764,Test,1,0,41,West,Low
1765,Control,0,0,66,South,High
1766,Test,1,0,19,South,Low
1767,Control,0,1,35,South,Low
1768,Test,0,0,63,North,Low
1769,Control,0,0,47,East,Middle
1770,Control,0,0,47,North,Low
1771,Test,1,0,26,South,Low
1772,Test,0,0,36,South,Middle
1773,Test,0,0,25,North,Low
1774,Test,1,1,49,East,Middle
1775,Test,1,0,67,North,Middle
1776,Control,0,0,58,East,Middle
1777,Control,0,0,50,North,High
1778,Test,0,0,43,East,High
1779,Test,0,0,59,South,High
1780,Control,0,0,43,North,Low
1781,Control,0,0,45,West,High
1782,Test,1,0,60,West,High
1783,Test,1,0,43,East,High
1784,Test,0,1,43,South,High
1785,Test,0,0,19,West,Middle
1786,Control,1,0,55,South,High
1787,Test,0,0,58,South,Low
1788,Control,0,0,46,North,Middle
1789,Control,0,0,23,South,High
1790,Test,0,1,31,West,Low
1791,Test,1,0,24,East,High
1792,Control,0,1,38,North,High
1793,Control,0,0,26,East,Middle
1794,Control,0,0,30,East,Middle
1795,Test,1,1,52,North,Low
1796,Test,1,0,23,East,Middle
1797,Control,0,0,36,South,Low
1798,Test,0,1,69,East,High
1799,Test,1,1,47,West,Low
1800,Control,0,1,45,West,Low
1801,Test,1,1,30,East,Middle
1802,Test,1,0,33,North,High
1803,Test,1,0,53,East,High
1804,Control,1,0,46,South,High
1805,Test,0,0,48,East,Low
1806,Control,0,0,27,East,Low
1807,Test,0,0,68,West,High
1808,Control,0,0,55,West,Low
1809,Control,1,0,46,East,High
1810,Test,0,0,42,North,Middle
1811,Test,0,0,43,North,Middle
1812,Control,1,0,38,East,Middle
1813,Test,1,0,59,South,High
1814,Test,0,0,61,South,Low
1815,Test,0,1,57,North,Low
1816,Control,0,0,56,West,High
1817,Control,1,0,39,West,High
1818,Control,1,0,38,South,Middle
1819,Test,1,0,66,East,Middle
1820,Control,0,1,56,North,High
1821,Control,0,0,45,South,High
1822,Control,0,0,19,West,Middle
1823,Control,1,0,19,North,Middle
1824,Control,0,0,22,North,Middle
1825,Test,1,1,37,North,Low
1826,Test,0,0,67,North,High
1827,Test,0,0,43,South,Middle
1828,Control,0,0,50,South,Middle
1829,Test,1,1,36,East,Middle
1830,Control,0,0,68,East,Low
1831,Control,0,0,51,East,Low
1832,Control,0,0,64,North,Low
1833,Test,0,0,37,East,Middle
1834,Control,0,0,50,East,High
1835,Control,0,0,33,South,Low
1836,Test,0,0,62,East,High
1837,Test,0,1,49,North,Low
1838,Control,1,0,61,West,High
1839,Control,0,0,67,North,Middle
1840,Control,0,0,67,North,Middle
1841,Test,1,0,22,South,High
1842,Test,0,0,41,East,Middle
1843,Test,1,0,21,South,High
1844,Control,0,0,33,West,High
1845,Control,0,0,46,North,High
1846,Test,1,0,66,North,Middle
1847,Test,0,0,40,West,Middle
1848,Control,0,1,31,South,Low
1849,Test,1,0,56,East,Middle
1850,Control,0,0,63,East,Middle
1851,Test,0,0,26,West,Low
1852,Control,0,0,34,West,Low
1853,Test,1,1,54,West,Middle
1854,Control,0,0,27,East,Middle
1855,Control,0,1,44,North,Middle
1856,Control,1,0,47,East,High
1857,Control,0,0,33,East,High
1858,Test,1,0,29,West,High
1859,Test,0,0,60,South,High
1860,Control,0,0,58,South,Middle
1861,Test,0,0,42,North,Middle
1862,Control,0,0,55,West,Middle
1863,Test,0,0,50,South,Low
1864,Control,1,1,62,West,Low
1865,Test,1,0,43,East,High
1866,Control,1,0,24,West,Low
1867,Test,0,0,41,West,Low
1868,Control,0,0,49,West,Middle
1869,Test,0,0,65,North,Low
1870,Control,0,0,44,South,High
1871,Control,0,1,35,South,High
1872,Control,0,1,26,West,High
1873,Test,1,1,37,West,High
1874,Test,1,0,47,South,Low
1875,Test,0,0,28,East,High
1876,Test,1,0,53,West,High
1877,Test,1,0,32,North,High
1878,Control,0,0,32,West,Low
1879,Test,1,0,61,North,Middle
1880,Control,0,0,21,North,High
1881,Test,1,0,43,North,Middle
1882,Control,0,0,19,South,Middle
1883,Test,0,1,54,East,High
1884,Test,1,0,31,West,Middle
1885,Test,0,0,52,South,High
1886,Control,0,0,20,West,Low
1887,Control,0,0,45,West,Middle
1888,Test,1,0,27,South,Middle
1889,Control,1,0,39,South,Low
1890,Control,0,1,49,North,Low
1891,Test,0,0,21,West,Low
1892,Control,0,0,68,South,High
1893,Test,1,0,35,West,High
1894,Test,0,0,34,South,Middle
1895,Test,1,0,39,West,Middle
1896,Test,0,1,29,South,Low
1897,Test,0,0,40,North,High
1898,Test,1,0,47,South,High
1899,Test,1,0,34,West,High
1900,Test,0,0,41,North,Low
1901,Test,0,0,54,East,Low
1902,Test,0,0,57,North,Low
1903,Test,1,0,41,West,High
1904,Control,0,0,60,North,Low
1905,Test,0,0,40,North,High
1906,Test,1,0,59,North,Middle
1907,Control,0,1,45,West,Middle
1908,Test,0,0,45,East,Middle
1909,Test,0,0,62,East,Middle
1910,Control,0,0,53,North,High
1911,Test,1,0,47,East,Low
1912,Test,1,0,43,South,High
1913,Control,0,0,57,East,High
1914,Control,0,0,45,East,Middle
1915,Control,0,0,55,South,High
1916,Control,1,0,65,East,Middle
1917,Control,0,0,22,East,Middle
1918,Test,1,0,59,North,High
1919,Control,1,0,28,South,High
1920,Control,0,0,40,West,Middle
1921,Control,1,0,59,East,High
1922,Control,1,0,68,West,Low
1923,Control,0,0,59,East,Low
1924,Control,0,0,42,South,Middle
1925,Test,0,0,33,West,Low
1926,Test,0,0,21,South,Low
1927,Test,1,0,38,North,High
1928,Test,1,1,65,North,Low
1929,Control,0,0,20,West,Middle
1930,Test,0,0,65,East,Middle
1931,Control,0,1,60,West,High
1932,Test,0,1,47,West,Middle
1933,Control,0,0,46,West,Low
1934,Test,1,0,25,West,Middle
1935,Test,0,0,64,North,Low
1936,Test,1,0,62,West,High
1937,Test,1,0,60,East,Middle
1938,Test,0,0,49,North,Middle
1939,Test,1,0,59,West,High
1940,Control,0,0,52,South,High
1941,Test,1,0,37,South,Middle
1942,Control,0,0,63,North,Low
1943,Control,1,0,28,West,Low
1944,Control,1,0,52,West,Middle
1945,Control,1,0,54,East,Middle
1946,Control,0,0,49,North,Low
1947,Control,0,0,50,North,High
1948,Control,0,0,33,North,High
1949,Control,0,0,66,North,High
1950,Control,1,0,38,West,High
1951,Control,0,0,68,North,High
1952,Control,0,0,64,East,Middle
1953,Test,0,0,66,North,High
1954,Test,0,0,27,East,Middle
1955,Test,0,0,28,East,Low
1956,Control,0,0,43,East,Low
1957,Test,0,0,18,West,Middle
1958,Control,0,0,47,East,Middle
1959,Control,0,0,69,West,Low
1960,Test,1,0,21,South,High
1961,Test,1,1,46,South,High
1962,Test,1,0,46,North,Low
1963,Test,1,0,24,South,High
1964,Control,0,0,59,West,High
1965,Test,0,0,26,North,Low
1966,Control,0,1,53,North,High
1967,Test,1,1,19,West,Low
1968,Test,0,0,45,South,High
1969,Control,1,0,57,North,High
1970,Test,1,0,29,East,Low
1971,Test,1,0,49,West,High
1972,Control,1,0,30,West,Middle
1973,Test,1,0,54,West,High
1974,Control,1,0,22,South,Low
1975,Test,0,0,68,West,Low
1976,Test,0,0,55,East,High
1977,Test,1,1,56,West,Low
1978,Control,0,0,25,East,High
1979,Test,0,0,63,North,Middle
1980,Test,0,0,63,South,Low
1981,Control,0,0,40,West,High
1982,Control,1,0,46,East,High
1983,Test,1,1,33,North,High
1984,Test,1,0,55,West,Low
1985,Test,0,0,53,South,Low
1986,Control,0,0,29,South,Low
1987,Control,0,0,56,West,Middle
1988,Control,0,0,42,East,Middle
1989,Test,1,0,23,North,Low
1990,Test,1,0,52,North,Middle
1991,Control,0,0,22,West,Low
1992,Control,1,0,49,West,High
1993,Control,0,0,48,South,Low
1994,Control,1,0,29,South,Middle
1995,Control,0,0,37,West,High
1996,Control,0,0,46,South,High
1997,Control,0,0,25,North,Low
1998,Control,1,0,56,East,Low
1999,Test,0,1,57,South,High
2000,Control,0,0,61,North,Low
